customerid,age,gender,income,occupation,location,householdsize,accounttype,accounttenureyears,avgbalance,balancevolatility,loantype,loanamount,creditscore,creditutilizationratio,delinquencycount,monthlytransactions,digitalusage,channelpreference,dormantdays,revenuecontribution,crosssellindex,salarypattern,spendcategory,cluster,segment_name,value_tier,risk_level,digital_level,engagement_status,life_stage,financial_health,product_potential,channel_type,income_category
CUST1000,56,Female,156967,Self-Employed,Mumbai,4,Savings,17,33733.0,1.3,None,0.0,841,0.74,2,55,64,Mobile,324,67914.0,0,Stable,Utilities,0,Premium Loyalists,Gold,Medium Risk,Digital Adopter,Dormant,Pre-Retirement,Fair,High Cross-sell,Digital First,Upper Middle
CUST1001,69,Female,170810,Salaried,Mumbai,2,Current,1,217752.0,0.59,None,0.0,536,0.35,3,179,56,Branch,12,68055.0,0,Stable,Luxury,2,Digital Seniors,Gold,Medium Risk,Digital Adopter,Highly Active,Retired,Fair,High Cross-sell,Relationship Banking,Upper Middle
CUST1002,46,Male,50746,Self-Employed,Hyderabad,1,FD,0,3050.0,1.3,Home,173724.0,578,0.3,1,86,92,Web,188,88697.0,2,Stable,Utilities,4,Growth Seekers,Gold,Low Risk,Digital Native,Dormant,Pre-Retirement,Fair,Medium Cross-sell,Digital First,Middle Income
CUST1003,32,Male,69377,Salaried,Bangalore,1,Savings,14,110996.0,1.13,Sme,203502.0,647,0.35,1,62,98,Web,286,6355.0,4,Irregular,Mixed,0,Premium Loyalists,Bronze,Low Risk,Digital Native,Dormant,Established Professional,Good,Low Cross-sell,Digital First,Middle Income
CUST1004,60,Female,199476,Student,Mumbai,2,Current,4,34933.0,1.58,None,0.0,403,0.77,0,79,39,ATM,207,55120.0,1,Stable,Utilities,4,Growth Seekers,Gold,Medium Risk,Traditional,Dormant,Retired,Fair,Medium Cross-sell,Self Service,Upper Middle
CUST1005,25,Male,74045,Salaried,Bangalore,4,Overdraft,19,25951.0,0.3,Home,424226.0,816,0.66,4,189,13,ATM,113,75619.0,2,Stable,E-commerce,3,Retirement Planners,Gold,High Risk,Traditional,At Risk,Young Professional,Fair,Medium Cross-sell,Self Service,Middle Income
CUST1006,38,Male,117888,Retired,Chennai,1,Savings,10,33413.0,1.55,Sme,121999.0,547,0.19,3,27,34,ATM,21,39342.0,3,Stable,Travel,1,Standard Savers,Silver,Medium Risk,Traditional,Active,Established Professional,Fair,Low Cross-sell,Self Service,Upper Middle
CUST1007,56,Male,190862,Retired,Delhi,1,Current,9,166873.0,1.13,Auto,114793.0,663,0.17,0,180,47,Mobile,348,86992.0,3,Stable,Utilities,4,Growth Seekers,Gold,Low Risk,Digital Adopter,Dormant,Pre-Retirement,Excellent,Low Cross-sell,Digital First,Upper Middle
CUST1008,36,Female,127455,Salaried,Chennai,5,FD,1,187691.0,1.93,Home,447907.0,620,0.1,4,132,83,Web,213,79860.0,0,Stable,Utilities,4,Growth Seekers,Gold,High Risk,Digital Native,Dormant,Established Professional,Good,High Cross-sell,Digital First,Upper Middle
CUST1009,40,Female,156672,Salaried,Chennai,4,FD,2,427129.0,0.75,Personal,457373.0,585,0.66,3,154,55,Branch,170,3257.0,3,Stable,E-commerce,3,Retirement Planners,Bronze,Medium Risk,Digital Adopter,At Risk,Established Professional,Poor,Low Cross-sell,Relationship Banking,Upper Middle
CUST1010,28,Female,113179,Salaried,Hyderabad,1,Savings,11,375717.0,1.3,Home,370321.0,448,0.76,2,21,48,ATM,322,28364.0,2,Stable,Travel,4,Growth Seekers,Silver,Medium Risk,Digital Adopter,Dormant,Young Professional,Poor,Medium Cross-sell,Self Service,Upper Middle
CUST1011,28,Male,191836,Salaried,Delhi,4,Current,19,434816.0,1.87,Home,12289.0,383,0.27,3,73,12,Branch,53,25972.0,3,Irregular,Travel,1,Standard Savers,Silver,Medium Risk,Traditional,Active,Young Professional,Fair,Low Cross-sell,Relationship Banking,Upper Middle
CUST1012,41,Male,65714,Retired,Chennai,2,Savings,4,189847.0,0.29,Sme,176048.0,705,0.02,1,112,60,Branch,297,27654.0,2,Stable,Mixed,4,Growth Seekers,Silver,Low Risk,Digital Adopter,Dormant,Established Professional,Excellent,Medium Cross-sell,Relationship Banking,Middle Income
CUST1013,53,Female,122946,Self-Employed,Chennai,3,Savings,4,222888.0,1.88,Auto,174668.0,755,0.08,1,143,48,ATM,319,81769.0,1,Stable,Utilities,4,Growth Seekers,Gold,Low Risk,Digital Adopter,Dormant,Pre-Retirement,Excellent,Medium Cross-sell,Self Service,Upper Middle
CUST1014,57,Female,129616,Salaried,Delhi,1,Current,5,262044.0,1.41,Personal,416387.0,460,0.97,2,98,45,Web,125,82423.0,0,Stable,Travel,3,Retirement Planners,Gold,High Risk,Digital Adopter,At Risk,Pre-Retirement,Poor,High Cross-sell,Digital First,Upper Middle
CUST1015,41,Female,125983,Salaried,Delhi,5,Current,8,222165.0,0.23,None,0.0,759,0.3,0,19,61,ATM,276,30320.0,3,Irregular,Travel,0,Premium Loyalists,Silver,Low Risk,Digital Adopter,Dormant,Established Professional,Excellent,Low Cross-sell,Self Service,Upper Middle
CUST1016,20,Female,144123,Retired,Chennai,2,Overdraft,1,244662.0,0.67,None,0.0,849,0.77,4,95,7,Branch,203,21808.0,2,Irregular,Luxury,0,Premium Loyalists,Bronze,High Risk,Traditional,Dormant,Young Professional,Fair,Medium Cross-sell,Relationship Banking,Upper Middle
CUST1017,39,Male,169661,Retired,Delhi,4,Current,11,167472.0,1.45,Home,86365.0,799,0.62,3,167,42,ATM,193,53389.0,4,Stable,Luxury,0,Premium Loyalists,Gold,Medium Risk,Digital Adopter,Dormant,Established Professional,Fair,Low Cross-sell,Self Service,Upper Middle
CUST1018,19,Female,63484,Student,Chennai,2,FD,2,398710.0,0.23,Sme,230662.0,808,0.38,1,37,19,Branch,168,96690.0,0,Irregular,Travel,1,Standard Savers,Gold,Low Risk,Traditional,At Risk,Young Professional,Good,High Cross-sell,Relationship Banking,Middle Income
CUST1019,41,Male,102989,Salaried,Chennai,1,Savings,19,212760.0,1.21,Sme,376158.0,780,0.21,0,129,96,Branch,151,35773.0,1,Stable,Mixed,2,Digital Seniors,Silver,Low Risk,Digital Native,At Risk,Established Professional,Excellent,Medium Cross-sell,Relationship Banking,Upper Middle
CUST1020,61,Female,56212,Student,Hyderabad,4,Savings,11,123744.0,0.76,None,0.0,413,0.12,2,20,89,ATM,34,52168.0,2,Stable,Travel,1,Standard Savers,Gold,Medium Risk,Digital Native,Active,Retired,Fair,Medium Cross-sell,Self Service,Middle Income
CUST1021,47,Male,63525,Retired,Mumbai,3,FD,16,352575.0,1.28,Personal,179785.0,877,0.62,1,166,38,Mobile,183,28747.0,1,Stable,E-commerce,0,Premium Loyalists,Silver,Medium Risk,Traditional,Dormant,Pre-Retirement,Good,Medium Cross-sell,Digital First,Middle Income
CUST1022,55,Female,198274,Retired,Chennai,2,Current,9,206763.0,0.19,Auto,422950.0,660,0.77,2,70,84,ATM,285,77396.0,1,Stable,Utilities,0,Premium Loyalists,Gold,Medium Risk,Digital Native,Dormant,Pre-Retirement,Fair,Medium Cross-sell,Self Service,Upper Middle
CUST1023,19,Female,183707,Self-Employed,Bangalore,1,FD,13,491635.0,1.76,Personal,72588.0,640,0.64,3,172,48,Mobile,56,84692.0,3,Irregular,Mixed,3,Retirement Planners,Gold,Medium Risk,Digital Adopter,Highly Active,Young Professional,Fair,Low Cross-sell,Digital First,Upper Middle
CUST1024,38,Female,83208,Salaried,Mumbai,5,FD,16,44001.0,1.95,Auto,63646.0,748,0.53,4,160,63,Branch,221,58505.0,3,Stable,E-commerce,0,Premium Loyalists,Gold,High Risk,Digital Adopter,Dormant,Established Professional,Good,Low Cross-sell,Relationship Banking,Middle Income
CUST1025,50,Female,53828,Student,Mumbai,4,Overdraft,17,68364.0,1.94,None,0.0,479,0.04,1,51,61,Branch,302,86896.0,2,Stable,Mixed,4,Growth Seekers,Gold,Low Risk,Digital Adopter,Dormant,Pre-Retirement,Good,Medium Cross-sell,Relationship Banking,Middle Income
CUST1026,29,Male,169783,Retired,Mumbai,2,FD,18,388132.0,1.52,Auto,482238.0,706,0.97,1,171,53,Mobile,162,19135.0,4,Irregular,E-commerce,3,Retirement Planners,Bronze,High Risk,Digital Adopter,At Risk,Young Professional,Good,Low Cross-sell,Digital First,Upper Middle
CUST1027,39,Female,23420,Retired,Hyderabad,2,Savings,16,308172.0,0.35,Sme,280887.0,495,0.8,3,152,8,Branch,18,91887.0,2,Stable,Utilities,3,Retirement Planners,Gold,Medium Risk,Traditional,Highly Active,Established Professional,Poor,Medium Cross-sell,Relationship Banking,Lower Income
CUST1028,61,Male,116752,Student,Chennai,3,FD,13,239506.0,1.54,Home,310512.0,765,0.29,0,128,87,Mobile,263,97035.0,4,Stable,Utilities,2,Digital Seniors,Gold,Low Risk,Digital Native,Dormant,Retired,Excellent,Low Cross-sell,Digital First,Upper Middle
CUST1029,42,Male,151373,Self-Employed,Hyderabad,3,Savings,8,229731.0,0.15,Home,221097.0,610,0.98,4,5,36,Mobile,281,48377.0,1,Stable,Luxury,3,Retirement Planners,Silver,High Risk,Traditional,Dormant,Established Professional,Fair,Medium Cross-sell,Digital First,Upper Middle
CUST1030,66,Male,196308,Retired,Chennai,5,Savings,7,431789.0,0.14,None,0.0,561,0.6,1,91,48,Branch,112,24554.0,0,Stable,E-commerce,1,Standard Savers,Bronze,Low Risk,Digital Adopter,At Risk,Retired,Fair,High Cross-sell,Relationship Banking,Upper Middle
CUST1031,44,Male,135294,Salaried,Hyderabad,5,Savings,1,132878.0,0.71,Sme,399657.0,718,0.58,4,132,40,Web,326,63491.0,2,Stable,Luxury,4,Growth Seekers,Gold,High Risk,Traditional,Dormant,Established Professional,Good,Medium Cross-sell,Digital First,Upper Middle
CUST1032,59,Female,144019,Retired,Hyderabad,1,Current,12,387487.0,1.03,Personal,119735.0,705,0.75,1,195,16,Mobile,29,56621.0,2,Stable,E-commerce,3,Retirement Planners,Gold,Medium Risk,Traditional,Highly Active,Pre-Retirement,Good,Medium Cross-sell,Digital First,Upper Middle
CUST1033,45,Male,85726,Salaried,Bangalore,1,Overdraft,6,188710.0,1.56,Sme,155683.0,442,0.81,4,71,87,ATM,134,59283.0,4,Stable,Luxury,3,Retirement Planners,Gold,High Risk,Digital Native,At Risk,Pre-Retirement,Poor,Low Cross-sell,Self Service,Middle Income
CUST1034,33,Male,161564,Student,Hyderabad,5,Savings,8,129301.0,1.4,Home,382035.0,641,0.66,2,8,20,ATM,66,86140.0,1,Stable,Utilities,3,Retirement Planners,Gold,Medium Risk,Traditional,Active,Established Professional,Fair,Medium Cross-sell,Self Service,Upper Middle
CUST1035,32,Male,135668,Salaried,Delhi,5,Savings,10,389439.0,0.95,Home,107971.0,615,0.13,1,190,50,Branch,64,17923.0,1,Irregular,Mixed,2,Digital Seniors,Bronze,Low Risk,Digital Adopter,Highly Active,Established Professional,Good,Medium Cross-sell,Relationship Banking,Upper Middle
CUST1036,64,Female,26102,Student,Bangalore,4,Current,13,161829.0,0.62,Sme,12149.0,400,0.34,4,157,58,Web,291,48591.0,4,Stable,Luxury,4,Growth Seekers,Silver,High Risk,Digital Adopter,Dormant,Retired,Fair,Low Cross-sell,Digital First,Lower Income
CUST1037,68,Female,138015,Salaried,Hyderabad,3,Savings,3,35636.0,1.99,Sme,362246.0,543,0.93,0,51,38,Branch,24,63261.0,1,Stable,E-commerce,3,Retirement Planners,Gold,High Risk,Traditional,Active,Retired,Fair,Medium Cross-sell,Relationship Banking,Upper Middle
CUST1038,61,Female,46641,Student,Mumbai,1,FD,12,212169.0,0.91,Home,321333.0,789,0.22,2,42,54,Web,36,55336.0,3,Stable,E-commerce,2,Digital Seniors,Gold,Medium Risk,Digital Adopter,Active,Retired,Good,Low Cross-sell,Digital First,Lower Income
CUST1039,69,Female,185656,Salaried,Delhi,3,FD,1,180352.0,0.96,Personal,238976.0,311,0.37,2,147,40,Mobile,0,75083.0,0,Stable,Utilities,1,Standard Savers,Gold,Medium Risk,Traditional,Highly Active,Retired,Fair,High Cross-sell,Digital First,Upper Middle
CUST1040,20,Male,183817,Self-Employed,Delhi,3,Overdraft,4,287406.0,0.41,None,0.0,538,0.43,0,195,38,Mobile,36,61948.0,2,Stable,E-commerce,1,Standard Savers,Gold,Low Risk,Traditional,Highly Active,Young Professional,Good,Medium Cross-sell,Digital First,Upper Middle
CUST1041,54,Male,174165,Salaried,Delhi,5,Savings,10,343579.0,1.61,None,0.0,860,0.44,4,25,12,Mobile,140,34002.0,0,Stable,Travel,0,Premium Loyalists,Silver,High Risk,Traditional,At Risk,Pre-Retirement,Good,High Cross-sell,Digital First,Upper Middle
CUST1042,68,Female,123746,Salaried,Bangalore,4,Current,5,194283.0,1.42,Sme,42668.0,341,0.61,3,61,63,Mobile,231,81098.0,2,Stable,Mixed,4,Growth Seekers,Gold,Medium Risk,Digital Adopter,Dormant,Retired,Poor,Medium Cross-sell,Digital First,Upper Middle
CUST1043,24,Male,56631,Self-Employed,Hyderabad,2,FD,17,449058.0,0.52,None,0.0,893,0.94,0,121,10,ATM,135,74016.0,3,Irregular,Luxury,3,Retirement Planners,Gold,High Risk,Traditional,At Risk,Young Professional,Good,Low Cross-sell,Self Service,Middle Income
CUST1044,38,Male,92991,Retired,Hyderabad,4,Current,9,391727.0,0.26,Home,469882.0,728,0.24,4,185,18,ATM,187,27672.0,1,Stable,Mixed,2,Digital Seniors,Silver,High Risk,Traditional,Dormant,Established Professional,Good,Medium Cross-sell,Self Service,Middle Income
CUST1045,26,Male,24014,Retired,Mumbai,4,Current,3,451195.0,1.39,Home,88204.0,457,0.12,0,50,10,Branch,127,5213.0,4,Irregular,Utilities,1,Standard Savers,Bronze,Low Risk,Traditional,At Risk,Young Professional,Good,Low Cross-sell,Relationship Banking,Lower Income
CUST1046,56,Female,31093,Salaried,Mumbai,3,FD,8,246596.0,1.34,Sme,211830.0,515,0.2,0,146,76,Web,200,11293.0,3,Stable,Luxury,2,Digital Seniors,Bronze,Low Risk,Digital Native,Dormant,Pre-Retirement,Good,Low Cross-sell,Digital First,Lower Income
CUST1047,35,Female,38070,Self-Employed,Delhi,4,Current,5,475686.0,0.62,Sme,196501.0,761,0.89,1,149,45,Mobile,126,56860.0,0,Irregular,Luxury,3,Retirement Planners,Gold,High Risk,Digital Adopter,At Risk,Established Professional,Good,High Cross-sell,Digital First,Lower Income
CUST1048,21,Male,55777,Salaried,Mumbai,1,FD,1,432413.0,1.91,Sme,416885.0,433,0.65,4,43,44,Mobile,256,63507.0,4,Stable,Travel,4,Growth Seekers,Gold,High Risk,Digital Adopter,Dormant,Young Professional,Poor,Low Cross-sell,Digital First,Middle Income
CUST1049,42,Female,76958,Student,Bangalore,3,Current,16,304988.0,0.39,Personal,165140.0,366,0.29,3,141,0,Web,163,58134.0,1,Irregular,Utilities,1,Standard Savers,Gold,Medium Risk,Traditional,At Risk,Established Professional,Fair,Medium Cross-sell,Digital First,Middle Income
CUST1050,31,Female,102074,Student,Hyderabad,1,FD,4,327898.0,0.92,None,0.0,306,0.82,1,103,39,Web,34,3100.0,3,Stable,E-commerce,1,Standard Savers,Bronze,High Risk,Traditional,Highly Active,Established Professional,Fair,Low Cross-sell,Digital First,Upper Middle
CUST1051,67,Female,30729,Salaried,Delhi,2,Savings,5,496084.0,1.89,Sme,140507.0,825,0.86,0,81,18,Branch,193,62997.0,4,Stable,Travel,3,Retirement Planners,Gold,High Risk,Traditional,Dormant,Retired,Good,Low Cross-sell,Relationship Banking,Lower Income
CUST1052,26,Female,196089,Retired,Mumbai,3,Overdraft,11,428373.0,0.9,Auto,225160.0,372,0.85,0,119,75,Web,190,29172.0,3,Stable,Travel,3,Retirement Planners,Silver,High Risk,Digital Native,Dormant,Young Professional,Fair,Low Cross-sell,Digital First,Upper Middle
CUST1053,43,Female,178823,Retired,Bangalore,2,FD,9,340273.0,1.31,Auto,183321.0,698,0.92,0,138,71,Mobile,103,21132.0,3,Irregular,Mixed,3,Retirement Planners,Bronze,High Risk,Digital Native,At Risk,Established Professional,Good,Low Cross-sell,Digital First,Upper Middle
CUST1054,19,Male,125864,Salaried,Bangalore,3,FD,5,303186.0,0.86,Home,37384.0,704,0.25,4,155,71,Mobile,22,19199.0,1,Stable,Mixed,2,Digital Seniors,Bronze,High Risk,Digital Native,Highly Active,Young Professional,Good,Medium Cross-sell,Digital First,Upper Middle
CUST1055,37,Female,150858,Salaried,Mumbai,5,Overdraft,7,62665.0,0.62,None,0.0,877,0.76,4,191,60,Mobile,264,37609.0,2,Stable,Mixed,0,Premium Loyalists,Silver,High Risk,Digital Adopter,Dormant,Established Professional,Fair,Medium Cross-sell,Digital First,Upper Middle
CUST1056,45,Male,125510,Student,Hyderabad,4,FD,1,247584.0,1.97,Sme,390103.0,429,0.46,1,95,11,Mobile,289,43965.0,4,Stable,Travel,4,Growth Seekers,Silver,Low Risk,Traditional,Dormant,Pre-Retirement,Fair,Low Cross-sell,Digital First,Upper Middle
CUST1057,64,Male,74748,Retired,Mumbai,5,FD,11,117953.0,0.88,Auto,76153.0,765,0.84,3,102,60,Mobile,259,9016.0,1,Stable,E-commerce,0,Premium Loyalists,Bronze,High Risk,Digital Adopter,Dormant,Retired,Fair,Medium Cross-sell,Digital First,Middle Income
CUST1058,24,Female,25801,Salaried,Delhi,2,Current,12,477072.0,1.8,None,0.0,505,0.73,1,124,32,Branch,357,40779.0,3,Stable,Luxury,4,Growth Seekers,Silver,Medium Risk,Traditional,Dormant,Young Professional,Fair,Low Cross-sell,Relationship Banking,Lower Income
CUST1059,61,Male,170262,Student,Mumbai,4,Overdraft,6,159448.0,0.54,Home,75388.0,565,0.78,2,50,44,Mobile,74,32881.0,1,Stable,Mixed,3,Retirement Planners,Silver,Medium Risk,Digital Adopter,Active,Retired,Poor,Medium Cross-sell,Digital First,Upper Middle
CUST1060,25,Male,49592,Retired,Bangalore,3,Savings,9,187626.0,0.5,Personal,31401.0,836,0.66,0,42,89,Branch,354,83594.0,2,Irregular,E-commerce,0,Premium Loyalists,Gold,Medium Risk,Digital Native,Dormant,Young Professional,Good,Medium Cross-sell,Relationship Banking,Lower Income
CUST1061,64,Male,30647,Self-Employed,Mumbai,4,FD,12,146271.0,0.16,None,0.0,552,0.18,0,146,91,Mobile,71,25472.0,4,Irregular,Utilities,2,Digital Seniors,Silver,Low Risk,Digital Native,Highly Active,Retired,Good,Low Cross-sell,Digital First,Lower Income
CUST1062,52,Female,159788,Student,Hyderabad,1,Overdraft,16,119533.0,1.34,None,0.0,588,0.55,0,104,68,ATM,258,52813.0,2,Irregular,Mixed,0,Premium Loyalists,Gold,Low Risk,Digital Adopter,Dormant,Pre-Retirement,Good,Medium Cross-sell,Self Service,Upper Middle
CUST1063,31,Female,130627,Retired,Chennai,4,Current,13,475628.0,0.8,Personal,232601.0,463,0.98,1,76,7,ATM,187,37021.0,0,Stable,Luxury,3,Retirement Planners,Silver,High Risk,Traditional,Dormant,Established Professional,Fair,High Cross-sell,Self Service,Upper Middle
CUST1064,34,Male,90316,Retired,Mumbai,1,Savings,1,445164.0,1.74,None,0.0,394,0.94,1,194,24,ATM,172,55131.0,4,Irregular,Utilities,3,Retirement Planners,Gold,High Risk,Traditional,At Risk,Established Professional,Fair,Low Cross-sell,Self Service,Middle Income
CUST1065,53,Female,22368,Student,Hyderabad,4,Overdraft,10,74781.0,1.0,Home,34084.0,409,0.04,0,39,90,ATM,289,25087.0,2,Irregular,Utilities,4,Growth Seekers,Silver,Low Risk,Digital Native,Dormant,Pre-Retirement,Good,Medium Cross-sell,Self Service,Lower Income
CUST1066,67,Female,97575,Self-Employed,Hyderabad,1,Savings,0,466966.0,1.94,Home,251459.0,635,0.16,1,151,45,Branch,44,13828.0,3,Stable,Luxury,2,Digital Seniors,Bronze,Low Risk,Digital Adopter,Highly Active,Retired,Good,Low Cross-sell,Relationship Banking,Middle Income
CUST1067,57,Female,26655,Student,Bangalore,2,Savings,18,67262.0,0.45,Personal,110641.0,537,0.13,4,34,86,Branch,60,62610.0,4,Stable,Mixed,2,Digital Seniors,Gold,High Risk,Digital Native,Active,Pre-Retirement,Fair,Low Cross-sell,Relationship Banking,Lower Income
CUST1068,21,Female,90031,Retired,Hyderabad,5,Savings,3,309744.0,1.75,Sme,105111.0,680,0.73,4,82,29,Web,82,97664.0,4,Stable,Travel,3,Retirement Planners,Gold,High Risk,Traditional,Active,Young Professional,Fair,Low Cross-sell,Digital First,Middle Income
CUST1069,19,Male,107922,Salaried,Hyderabad,3,FD,18,77898.0,1.58,Auto,449042.0,735,0.82,1,88,46,Mobile,122,2401.0,1,Irregular,Luxury,3,Retirement Planners,Bronze,High Risk,Digital Adopter,At Risk,Young Professional,Good,Medium Cross-sell,Digital First,Upper Middle
CUST1070,23,Male,144046,Salaried,Hyderabad,4,FD,10,456699.0,1.56,Sme,429667.0,782,0.21,0,117,86,ATM,357,86179.0,3,Stable,Luxury,4,Growth Seekers,Gold,Low Risk,Digital Native,Dormant,Young Professional,Excellent,Low Cross-sell,Self Service,Upper Middle
CUST1071,59,Female,164475,Student,Hyderabad,5,Current,7,150369.0,1.71,None,0.0,324,0.51,1,29,48,Branch,15,16193.0,0,Stable,Luxury,1,Standard Savers,Bronze,Low Risk,Digital Adopter,Active,Pre-Retirement,Fair,High Cross-sell,Relationship Banking,Upper Middle
CUST1072,21,Female,52097,Retired,Delhi,3,Current,10,31448.0,1.55,Auto,162982.0,416,0.84,1,172,46,Mobile,65,93389.0,2,Stable,Utilities,3,Retirement Planners,Gold,High Risk,Digital Adopter,Highly Active,Young Professional,Fair,Medium Cross-sell,Digital First,Middle Income
CUST1073,46,Male,162038,Salaried,Delhi,3,Overdraft,3,289316.0,1.29,Personal,298185.0,781,0.73,1,92,83,Mobile,144,45864.0,1,Irregular,E-commerce,3,Retirement Planners,Silver,Medium Risk,Digital Native,At Risk,Pre-Retirement,Good,Medium Cross-sell,Digital First,Upper Middle
CUST1074,35,Male,144862,Retired,Bangalore,1,Current,16,437090.0,0.35,Personal,351064.0,691,0.54,2,18,81,Branch,161,21307.0,2,Irregular,Travel,3,Retirement Planners,Bronze,Medium Risk,Digital Native,At Risk,Established Professional,Fair,Medium Cross-sell,Relationship Banking,Upper Middle
CUST1075,43,Female,138834,Student,Mumbai,2,Savings,6,8657.0,0.16,Auto,327825.0,836,0.59,4,158,17,ATM,233,20611.0,0,Irregular,Mixed,0,Premium Loyalists,Bronze,High Risk,Traditional,Dormant,Established Professional,Good,High Cross-sell,Self Service,Upper Middle
CUST1076,61,Male,113848,Salaried,Hyderabad,2,Savings,7,478602.0,1.85,Home,234386.0,378,0.51,3,106,65,Web,143,44791.0,0,Stable,Mixed,1,Standard Savers,Silver,Medium Risk,Digital Adopter,At Risk,Retired,Fair,High Cross-sell,Digital First,Upper Middle
CUST1077,51,Female,72921,Retired,Mumbai,5,FD,2,257689.0,1.27,Auto,343715.0,879,0.3,3,154,67,Mobile,357,12950.0,4,Stable,E-commerce,4,Growth Seekers,Bronze,Medium Risk,Digital Adopter,Dormant,Pre-Retirement,Good,Low Cross-sell,Digital First,Middle Income
CUST1078,27,Female,146141,Salaried,Mumbai,2,Savings,1,419641.0,1.61,None,0.0,472,0.57,2,180,93,Web,187,77240.0,0,Stable,Luxury,2,Digital Seniors,Gold,Medium Risk,Digital Native,Dormant,Young Professional,Fair,High Cross-sell,Digital First,Upper Middle
CUST1079,53,Male,42677,Student,Bangalore,4,Overdraft,14,420901.0,1.01,Home,461792.0,311,0.69,1,87,32,ATM,321,78403.0,2,Stable,Travel,4,Growth Seekers,Gold,Medium Risk,Traditional,Dormant,Pre-Retirement,Fair,Medium Cross-sell,Self Service,Lower Income
CUST1080,31,Male,75609,Retired,Hyderabad,2,Savings,4,375999.0,0.32,Personal,260337.0,427,0.87,2,114,35,ATM,12,3745.0,3,Stable,Mixed,3,Retirement Planners,Bronze,High Risk,Traditional,Highly Active,Established Professional,Poor,Low Cross-sell,Self Service,Middle Income
CUST1081,48,Female,51024,Salaried,Hyderabad,5,Savings,0,418794.0,0.34,Auto,127556.0,391,0.64,2,183,81,Web,183,56243.0,3,Stable,Mixed,2,Digital Seniors,Gold,Medium Risk,Digital Native,Dormant,Pre-Retirement,Poor,Low Cross-sell,Digital First,Middle Income
CUST1082,65,Female,90313,Student,Chennai,2,Overdraft,3,160903.0,1.4,Sme,195246.0,842,0.76,0,135,18,ATM,110,4866.0,4,Stable,Luxury,3,Retirement Planners,Bronze,Medium Risk,Traditional,At Risk,Retired,Good,Low Cross-sell,Self Service,Middle Income
CUST1083,32,Male,147813,Salaried,Mumbai,4,Current,14,8906.0,0.92,Sme,26160.0,831,0.16,4,174,27,Mobile,289,33245.0,2,Stable,E-commerce,0,Premium Loyalists,Silver,High Risk,Traditional,Dormant,Established Professional,Good,Medium Cross-sell,Digital First,Upper Middle
CUST1084,25,Female,115285,Salaried,Mumbai,1,Current,19,324557.0,0.48,None,0.0,746,0.46,3,23,39,Web,294,45724.0,2,Irregular,Travel,0,Premium Loyalists,Silver,Medium Risk,Traditional,Dormant,Young Professional,Good,Medium Cross-sell,Digital First,Upper Middle
CUST1085,31,Male,166410,Self-Employed,Delhi,5,Overdraft,18,55028.0,1.03,Sme,17633.0,689,0.01,1,32,83,ATM,214,72354.0,0,Stable,E-commerce,0,Premium Loyalists,Gold,Low Risk,Digital Native,Dormant,Established Professional,Good,High Cross-sell,Self Service,Upper Middle
CUST1086,40,Female,133632,Self-Employed,Chennai,1,FD,2,270431.0,0.22,Auto,488096.0,342,0.25,3,177,96,Web,119,52374.0,2,Irregular,E-commerce,2,Digital Seniors,Gold,Medium Risk,Digital Native,At Risk,Established Professional,Fair,Medium Cross-sell,Digital First,Upper Middle
CUST1087,57,Male,170580,Student,Delhi,1,Savings,19,296804.0,1.21,Auto,279158.0,553,0.73,3,75,75,Mobile,54,31116.0,1,Stable,Travel,3,Retirement Planners,Silver,Medium Risk,Digital Native,Active,Pre-Retirement,Poor,Medium Cross-sell,Digital First,Upper Middle
CUST1088,38,Male,23051,Self-Employed,Delhi,1,Overdraft,10,469974.0,0.61,Sme,342676.0,429,0.99,4,67,14,ATM,26,82029.0,0,Stable,Travel,3,Retirement Planners,Gold,High Risk,Traditional,Active,Established Professional,Poor,High Cross-sell,Self Service,Lower Income
CUST1089,33,Male,199819,Student,Delhi,3,Savings,16,323648.0,1.62,Auto,49104.0,359,0.1,3,77,40,Mobile,117,94574.0,1,Stable,Mixed,1,Standard Savers,Gold,Medium Risk,Traditional,At Risk,Established Professional,Fair,Medium Cross-sell,Digital First,Upper Middle
CUST1090,62,Female,134692,Self-Employed,Bangalore,3,FD,12,191792.0,0.69,None,0.0,766,0.4,3,128,38,ATM,220,21447.0,4,Stable,Mixed,0,Premium Loyalists,Bronze,Medium Risk,Traditional,Dormant,Retired,Good,Low Cross-sell,Self Service,Upper Middle
CUST1091,35,Female,107235,Salaried,Bangalore,1,Savings,10,103979.0,0.96,Home,339375.0,586,0.8,2,123,1,Branch,230,31431.0,3,Stable,Travel,3,Retirement Planners,Silver,Medium Risk,Traditional,Dormant,Established Professional,Poor,Low Cross-sell,Relationship Banking,Upper Middle
CUST1092,64,Male,183165,Student,Delhi,5,Overdraft,1,35701.0,0.12,None,0.0,816,0.2,4,125,62,ATM,52,18908.0,4,Stable,Utilities,2,Digital Seniors,Bronze,High Risk,Digital Adopter,Highly Active,Retired,Good,Low Cross-sell,Self Service,Upper Middle
CUST1093,41,Female,190806,Student,Chennai,4,Savings,8,84300.0,0.24,None,0.0,766,0.56,0,23,28,Web,294,30336.0,3,Stable,Mixed,0,Premium Loyalists,Silver,Low Risk,Traditional,Dormant,Established Professional,Excellent,Low Cross-sell,Digital First,Upper Middle
CUST1094,43,Male,93523,Salaried,Mumbai,4,Current,1,242249.0,0.85,Auto,92578.0,644,0.73,1,179,73,ATM,320,41992.0,4,Stable,Utilities,4,Growth Seekers,Silver,Medium Risk,Digital Native,Dormant,Established Professional,Fair,Low Cross-sell,Self Service,Middle Income
CUST1095,42,Male,114476,Student,Chennai,2,FD,8,149746.0,1.01,Home,164827.0,681,0.62,3,146,65,Mobile,232,56350.0,2,Stable,Travel,0,Premium Loyalists,Gold,Medium Risk,Digital Adopter,Dormant,Established Professional,Fair,Medium Cross-sell,Digital First,Upper Middle
CUST1096,62,Female,37019,Student,Hyderabad,5,FD,8,84560.0,1.24,Auto,40390.0,552,0.19,1,124,50,Mobile,157,70561.0,1,Irregular,Mixed,4,Growth Seekers,Gold,Low Risk,Digital Adopter,At Risk,Retired,Good,Medium Cross-sell,Digital First,Lower Income
CUST1097,58,Female,103613,Self-Employed,Bangalore,3,FD,7,243615.0,0.65,Personal,285855.0,355,0.36,0,170,74,ATM,268,52955.0,3,Irregular,E-commerce,4,Growth Seekers,Gold,Low Risk,Digital Native,Dormant,Pre-Retirement,Good,Low Cross-sell,Self Service,Upper Middle
CUST1098,46,Male,106672,Student,Mumbai,1,Overdraft,16,418090.0,1.42,Auto,91658.0,762,0.78,1,185,76,Web,20,62240.0,0,Irregular,Travel,2,Digital Seniors,Gold,Medium Risk,Digital Native,Highly Active,Pre-Retirement,Good,High Cross-sell,Digital First,Upper Middle
CUST1099,32,Female,93847,Retired,Mumbai,2,FD,0,44642.0,1.73,Auto,57993.0,756,0.55,0,65,9,Branch,52,21093.0,1,Stable,Luxury,1,Standard Savers,Bronze,Low Risk,Traditional,Active,Established Professional,Excellent,Medium Cross-sell,Relationship Banking,Middle Income
CUST1100,62,Female,102750,Salaried,Hyderabad,4,Current,10,492036.0,1.58,Auto,205768.0,382,0.01,2,168,13,Web,274,7155.0,0,Irregular,Utilities,4,Growth Seekers,Bronze,Medium Risk,Traditional,Dormant,Retired,Fair,High Cross-sell,Digital First,Upper Middle
CUST1101,18,Male,48251,Self-Employed,Hyderabad,3,Overdraft,7,328304.0,0.18,Home,158285.0,398,0.76,3,172,81,Branch,312,47607.0,1,Irregular,Travel,4,Growth Seekers,Silver,Medium Risk,Digital Native,Dormant,Young Professional,Poor,Medium Cross-sell,Relationship Banking,Lower Income
CUST1102,42,Male,123481,Self-Employed,Delhi,3,Current,9,280746.0,1.01,Auto,246860.0,448,0.04,0,34,50,Mobile,280,34487.0,1,Stable,Travel,4,Growth Seekers,Silver,Low Risk,Digital Adopter,Dormant,Established Professional,Good,Medium Cross-sell,Digital First,Upper Middle
CUST1103,24,Female,132566,Retired,Bangalore,1,Savings,6,366464.0,0.3,Home,498172.0,628,0.75,1,13,72,Web,213,56668.0,4,Irregular,Mixed,3,Retirement Planners,Gold,Medium Risk,Digital Native,Dormant,Young Professional,Fair,Low Cross-sell,Digital First,Upper Middle
CUST1104,26,Male,45945,Salaried,Bangalore,4,Savings,2,89801.0,0.56,Sme,451000.0,455,0.2,3,68,38,Branch,30,21963.0,3,Stable,Mixed,1,Standard Savers,Bronze,Medium Risk,Traditional,Active,Young Professional,Fair,Low Cross-sell,Relationship Banking,Lower Income
CUST1105,41,Male,110852,Salaried,Chennai,5,Savings,2,289075.0,1.97,Personal,269565.0,489,0.96,2,165,27,ATM,336,51124.0,3,Irregular,Mixed,4,Growth Seekers,Gold,High Risk,Traditional,Dormant,Established Professional,Poor,Low Cross-sell,Self Service,Upper Middle
CUST1106,18,Female,52217,Self-Employed,Delhi,3,Savings,17,95377.0,0.37,Home,218008.0,793,0.37,3,124,2,Mobile,182,53870.0,1,Irregular,Luxury,0,Premium Loyalists,Gold,Medium Risk,Traditional,Dormant,Young Professional,Good,Medium Cross-sell,Digital First,Middle Income
CUST1107,61,Male,28308,Student,Delhi,1,Current,4,292336.0,1.05,Sme,492289.0,562,0.33,0,56,83,ATM,22,57547.0,2,Stable,Mixed,2,Digital Seniors,Gold,Low Risk,Digital Native,Active,Retired,Good,Medium Cross-sell,Self Service,Lower Income
CUST1108,25,Male,25949,Self-Employed,Delhi,5,Overdraft,11,309686.0,1.27,Home,17727.0,379,0.15,2,93,69,Mobile,31,65110.0,2,Stable,Travel,1,Standard Savers,Gold,Medium Risk,Digital Adopter,Active,Young Professional,Fair,Medium Cross-sell,Digital First,Lower Income
CUST1109,41,Female,152222,Salaried,Delhi,4,Overdraft,11,390159.0,1.43,Home,374562.0,699,0.31,1,146,26,Web,73,54554.0,0,Irregular,Mixed,2,Digital Seniors,Gold,Low Risk,Traditional,Highly Active,Established Professional,Good,High Cross-sell,Digital First,Upper Middle
CUST1110,28,Female,120235,Retired,Bangalore,3,FD,18,305664.0,1.16,Personal,4358.0,559,0.88,2,57,1,Web,9,21936.0,0,Stable,E-commerce,3,Retirement Planners,Bronze,High Risk,Traditional,Active,Young Professional,Poor,High Cross-sell,Digital First,Upper Middle
CUST1111,68,Male,94740,Self-Employed,Bangalore,5,Current,5,327916.0,0.12,None,0.0,851,1.0,2,191,92,Mobile,53,5426.0,4,Stable,Mixed,2,Digital Seniors,Bronze,High Risk,Digital Native,Highly Active,Retired,Fair,Low Cross-sell,Digital First,Middle Income
CUST1112,34,Male,136352,Salaried,Delhi,5,Savings,1,452978.0,0.72,None,0.0,400,0.37,4,82,37,Mobile,51,89839.0,1,Irregular,Luxury,1,Standard Savers,Gold,High Risk,Traditional,Active,Established Professional,Fair,Medium Cross-sell,Digital First,Upper Middle
CUST1113,25,Female,86617,Self-Employed,Chennai,5,Current,11,313250.0,1.08,Home,94018.0,658,0.45,2,45,2,Mobile,147,28606.0,0,Stable,E-commerce,1,Standard Savers,Silver,Medium Risk,Traditional,At Risk,Young Professional,Fair,High Cross-sell,Digital First,Middle Income
CUST1114,52,Female,36896,Student,Mumbai,3,FD,18,82121.0,0.27,Auto,386601.0,679,0.72,2,72,15,Web,159,48832.0,0,Stable,Travel,3,Retirement Planners,Silver,Medium Risk,Traditional,At Risk,Pre-Retirement,Fair,High Cross-sell,Digital First,Lower Income
CUST1115,52,Female,150798,Self-Employed,Mumbai,3,FD,4,26559.0,0.77,Sme,425333.0,520,0.89,3,12,93,Branch,13,29151.0,1,Stable,Travel,3,Retirement Planners,Silver,High Risk,Digital Native,Active,Pre-Retirement,Poor,Medium Cross-sell,Relationship Banking,Upper Middle
CUST1116,50,Female,197247,Self-Employed,Chennai,2,Current,11,368739.0,0.16,Auto,481916.0,719,0.59,1,6,39,ATM,177,80303.0,4,Stable,Utilities,3,Retirement Planners,Gold,Low Risk,Traditional,At Risk,Pre-Retirement,Good,Low Cross-sell,Self Service,Upper Middle
CUST1117,22,Male,158877,Salaried,Delhi,4,Current,16,34742.0,0.25,Auto,294054.0,423,0.39,3,109,1,ATM,52,12308.0,0,Stable,E-commerce,1,Standard Savers,Bronze,Medium Risk,Traditional,Highly Active,Young Professional,Fair,High Cross-sell,Self Service,Upper Middle
CUST1118,59,Female,25237,Salaried,Bangalore,1,Current,16,332813.0,0.85,Home,126888.0,721,0.41,3,129,80,Web,334,63522.0,4,Stable,Utilities,0,Premium Loyalists,Gold,Medium Risk,Digital Native,Dormant,Pre-Retirement,Good,Low Cross-sell,Digital First,Lower Income
CUST1119,56,Female,40056,Salaried,Mumbai,5,Overdraft,9,474415.0,0.35,Home,229104.0,530,0.7,0,114,40,ATM,21,46671.0,3,Stable,E-commerce,3,Retirement Planners,Silver,Medium Risk,Traditional,Highly Active,Pre-Retirement,Fair,Low Cross-sell,Self Service,Lower Income
CUST1120,58,Male,196615,Self-Employed,Hyderabad,2,Savings,16,153826.0,1.18,Home,317898.0,362,0.0,3,90,11,Mobile,29,91306.0,4,Stable,E-commerce,1,Standard Savers,Gold,Medium Risk,Traditional,Active,Pre-Retirement,Fair,Low Cross-sell,Digital First,Upper Middle
CUST1121,45,Female,134548,Student,Hyderabad,1,Current,14,136044.0,1.41,Home,193510.0,784,0.62,4,173,34,Branch,190,95108.0,2,Irregular,Luxury,0,Premium Loyalists,Gold,High Risk,Traditional,Dormant,Pre-Retirement,Fair,Medium Cross-sell,Relationship Banking,Upper Middle
CUST1122,24,Male,131488,Retired,Chennai,2,Current,11,333975.0,1.62,None,0.0,873,0.36,4,124,64,ATM,259,3204.0,2,Stable,Utilities,0,Premium Loyalists,Bronze,High Risk,Digital Adopter,Dormant,Young Professional,Good,Medium Cross-sell,Self Service,Upper Middle
CUST1123,26,Female,154415,Retired,Delhi,3,Current,15,113217.0,0.48,Home,422587.0,782,0.79,0,131,54,Branch,204,93769.0,4,Stable,Luxury,3,Retirement Planners,Gold,Medium Risk,Digital Adopter,Dormant,Young Professional,Good,Low Cross-sell,Relationship Banking,Upper Middle
CUST1124,25,Female,164572,Salaried,Mumbai,5,FD,18,42873.0,0.42,None,0.0,818,0.09,1,187,44,Mobile,58,88265.0,2,Stable,E-commerce,2,Digital Seniors,Gold,Low Risk,Digital Adopter,Highly Active,Young Professional,Excellent,Medium Cross-sell,Digital First,Upper Middle
CUST1125,29,Female,49375,Salaried,Delhi,1,FD,7,488877.0,0.3,None,0.0,454,0.59,1,20,78,ATM,263,32131.0,3,Stable,Travel,4,Growth Seekers,Silver,Low Risk,Digital Native,Dormant,Young Professional,Fair,Low Cross-sell,Self Service,Lower Income
CUST1126,51,Male,160734,Self-Employed,Mumbai,1,Overdraft,16,369676.0,1.31,Home,300611.0,391,0.48,3,66,89,Web,11,53428.0,1,Stable,E-commerce,2,Digital Seniors,Gold,Medium Risk,Digital Native,Active,Pre-Retirement,Fair,Medium Cross-sell,Digital First,Upper Middle
CUST1127,50,Male,36964,Retired,Chennai,1,Savings,4,389411.0,1.44,Personal,410841.0,825,0.64,3,117,84,Branch,118,34870.0,2,Stable,Luxury,2,Digital Seniors,Silver,Medium Risk,Digital Native,At Risk,Pre-Retirement,Fair,Medium Cross-sell,Relationship Banking,Lower Income
CUST1128,65,Female,133429,Salaried,Chennai,1,Overdraft,15,404119.0,0.16,Sme,296037.0,754,0.06,3,180,61,Mobile,289,50067.0,2,Irregular,Utilities,2,Digital Seniors,Gold,Medium Risk,Digital Adopter,Dormant,Retired,Good,Medium Cross-sell,Digital First,Upper Middle
CUST1129,40,Male,87215,Student,Hyderabad,1,Savings,5,135092.0,1.88,Auto,76329.0,897,0.58,1,162,48,Branch,337,59585.0,4,Stable,Utilities,0,Premium Loyalists,Gold,Low Risk,Digital Adopter,Dormant,Established Professional,Good,Low Cross-sell,Relationship Banking,Middle Income
CUST1130,41,Male,89042,Student,Delhi,2,FD,7,304899.0,0.2,None,0.0,809,0.56,2,16,94,ATM,247,22607.0,3,Stable,Luxury,0,Premium Loyalists,Bronze,Medium Risk,Digital Native,Dormant,Established Professional,Good,Low Cross-sell,Self Service,Middle Income
CUST1131,54,Male,164356,Salaried,Hyderabad,5,FD,17,349100.0,1.13,Sme,484518.0,482,0.56,4,39,24,ATM,353,25968.0,1,Stable,Utilities,4,Growth Seekers,Silver,High Risk,Traditional,Dormant,Pre-Retirement,Fair,Medium Cross-sell,Self Service,Upper Middle
CUST1132,52,Male,113468,Salaried,Delhi,3,FD,11,87988.0,1.45,Personal,170604.0,685,0.6,2,15,22,Web,126,99934.0,4,Stable,Mixed,3,Retirement Planners,Gold,Medium Risk,Traditional,At Risk,Pre-Retirement,Fair,Low Cross-sell,Digital First,Upper Middle
CUST1133,61,Male,29435,Retired,Hyderabad,3,Overdraft,14,46648.0,1.75,Auto,316397.0,873,0.68,2,68,23,Mobile,74,12908.0,4,Stable,Travel,3,Retirement Planners,Bronze,Medium Risk,Traditional,Active,Retired,Fair,Low Cross-sell,Digital First,Lower Income
CUST1134,57,Male,195150,Retired,Bangalore,3,Current,8,497753.0,1.46,Auto,12323.0,704,0.8,1,54,37,Mobile,360,27423.0,3,Stable,Travel,4,Growth Seekers,Silver,Medium Risk,Traditional,Dormant,Pre-Retirement,Good,Low Cross-sell,Digital First,Upper Middle
CUST1135,39,Female,98832,Self-Employed,Bangalore,3,Current,12,126991.0,1.62,None,0.0,545,0.27,2,153,27,Web,203,75707.0,1,Stable,Travel,4,Growth Seekers,Gold,Medium Risk,Traditional,Dormant,Established Professional,Fair,Medium Cross-sell,Digital First,Middle Income
CUST1136,44,Female,71293,Retired,Bangalore,2,FD,14,403732.0,0.74,Home,112356.0,890,0.83,0,73,20,Web,48,79257.0,3,Irregular,Utilities,3,Retirement Planners,Gold,High Risk,Traditional,Active,Established Professional,Good,Low Cross-sell,Digital First,Middle Income
CUST1137,52,Male,98781,Student,Bangalore,4,Current,9,378149.0,1.65,Personal,110944.0,770,0.5,3,52,53,Mobile,78,62215.0,1,Stable,Utilities,3,Retirement Planners,Gold,Medium Risk,Digital Adopter,Active,Pre-Retirement,Good,Medium Cross-sell,Digital First,Middle Income
CUST1138,18,Female,180196,Student,Mumbai,5,Current,15,3396.0,0.25,None,0.0,722,0.08,0,24,17,Branch,240,56835.0,3,Stable,E-commerce,0,Premium Loyalists,Gold,Low Risk,Traditional,Dormant,Young Professional,Excellent,Low Cross-sell,Relationship Banking,Upper Middle
CUST1139,52,Female,63919,Salaried,Bangalore,1,Overdraft,6,85082.0,1.8,Personal,407426.0,364,0.06,4,105,35,Branch,348,50429.0,4,Stable,E-commerce,4,Growth Seekers,Gold,High Risk,Traditional,Dormant,Pre-Retirement,Fair,Low Cross-sell,Relationship Banking,Middle Income
CUST1140,54,Female,186319,Retired,Chennai,4,Savings,16,413345.0,1.14,Home,278600.0,312,0.33,3,199,98,Web,153,83152.0,4,Stable,Travel,2,Digital Seniors,Gold,Medium Risk,Digital Native,At Risk,Pre-Retirement,Fair,Low Cross-sell,Digital First,Upper Middle
CUST1141,64,Female,141172,Self-Employed,Chennai,3,FD,6,129322.0,1.65,Home,31367.0,512,0.78,2,176,44,Branch,273,39458.0,0,Stable,Mixed,4,Growth Seekers,Silver,Medium Risk,Digital Adopter,Dormant,Retired,Poor,High Cross-sell,Relationship Banking,Upper Middle
CUST1142,31,Male,114758,Student,Mumbai,4,FD,13,133663.0,0.96,None,0.0,541,0.71,4,165,72,Mobile,95,47169.0,2,Stable,E-commerce,3,Retirement Planners,Silver,High Risk,Digital Native,At Risk,Established Professional,Poor,Medium Cross-sell,Digital First,Upper Middle
CUST1143,20,Female,76573,Student,Bangalore,5,Overdraft,14,12303.0,1.32,Home,403322.0,792,0.79,3,193,52,ATM,213,8659.0,3,Stable,E-commerce,0,Premium Loyalists,Bronze,Medium Risk,Digital Adopter,Dormant,Young Professional,Fair,Low Cross-sell,Self Service,Middle Income
CUST1144,18,Female,79101,Self-Employed,Bangalore,1,Overdraft,6,162633.0,1.1,Sme,234565.0,512,0.52,2,141,29,ATM,293,61614.0,0,Stable,Utilities,4,Growth Seekers,Gold,Medium Risk,Traditional,Dormant,Young Professional,Fair,High Cross-sell,Self Service,Middle Income
CUST1145,22,Male,46646,Self-Employed,Bangalore,1,Current,8,334863.0,1.49,Auto,68008.0,637,0.44,0,72,59,Branch,208,78240.0,2,Stable,Mixed,4,Growth Seekers,Gold,Low Risk,Digital Adopter,Dormant,Young Professional,Good,Medium Cross-sell,Relationship Banking,Lower Income
CUST1146,43,Male,124185,Student,Hyderabad,5,FD,18,250690.0,0.26,None,0.0,472,0.15,3,39,97,Web,342,33793.0,3,Stable,Travel,0,Premium Loyalists,Silver,Medium Risk,Digital Native,Dormant,Established Professional,Fair,Low Cross-sell,Digital First,Upper Middle
CUST1147,31,Female,43049,Student,Delhi,5,Savings,15,486324.0,0.21,Personal,377539.0,463,0.33,2,69,31,Web,87,47473.0,1,Stable,E-commerce,1,Standard Savers,Silver,Medium Risk,Traditional,Active,Established Professional,Fair,Medium Cross-sell,Digital First,Lower Income
CUST1148,56,Female,118116,Self-Employed,Hyderabad,3,Overdraft,7,260820.0,0.57,Sme,116492.0,764,0.43,0,12,66,Web,305,97762.0,2,Stable,Mixed,0,Premium Loyalists,Gold,Low Risk,Digital Adopter,Dormant,Pre-Retirement,Excellent,Medium Cross-sell,Digital First,Upper Middle
CUST1149,44,Female,117379,Student,Delhi,1,Savings,17,100616.0,0.4,None,0.0,796,0.09,4,49,66,Web,263,90388.0,4,Stable,Mixed,0,Premium Loyalists,Gold,High Risk,Digital Adopter,Dormant,Established Professional,Good,Low Cross-sell,Digital First,Upper Middle
CUST1150,26,Female,88385,Salaried,Bangalore,4,Savings,17,387309.0,1.76,Home,326459.0,694,0.22,4,91,27,Web,324,98618.0,0,Irregular,Travel,0,Premium Loyalists,Gold,High Risk,Traditional,Dormant,Young Professional,Good,High Cross-sell,Digital First,Middle Income
CUST1151,32,Female,146131,Salaried,Bangalore,2,FD,19,87231.0,0.52,Home,462465.0,607,0.6,4,179,43,Branch,319,89330.0,2,Stable,Mixed,0,Premium Loyalists,Gold,High Risk,Digital Adopter,Dormant,Established Professional,Fair,Medium Cross-sell,Relationship Banking,Upper Middle
CUST1152,32,Female,191230,Self-Employed,Hyderabad,2,FD,6,270458.0,1.95,Home,201659.0,482,0.74,4,172,78,ATM,156,56751.0,2,Irregular,Mixed,3,Retirement Planners,Gold,High Risk,Digital Native,At Risk,Established Professional,Poor,Medium Cross-sell,Self Service,Upper Middle
CUST1153,43,Male,43289,Retired,Hyderabad,5,Overdraft,2,20623.0,0.74,Home,272900.0,809,1.0,1,80,40,ATM,155,79915.0,4,Stable,Mixed,3,Retirement Planners,Gold,High Risk,Traditional,At Risk,Established Professional,Good,Low Cross-sell,Self Service,Lower Income
CUST1154,59,Female,130226,Self-Employed,Delhi,3,FD,17,199747.0,0.45,Personal,461227.0,845,0.93,3,186,62,Branch,138,55254.0,3,Stable,E-commerce,3,Retirement Planners,Gold,High Risk,Digital Adopter,At Risk,Pre-Retirement,Fair,Low Cross-sell,Relationship Banking,Upper Middle
CUST1155,30,Female,120793,Self-Employed,Chennai,2,FD,9,491042.0,1.6,Sme,298522.0,863,0.64,3,80,22,Web,120,8006.0,1,Stable,Travel,3,Retirement Planners,Bronze,Medium Risk,Traditional,At Risk,Established Professional,Fair,Medium Cross-sell,Digital First,Upper Middle
CUST1156,68,Male,29823,Retired,Delhi,1,FD,6,459298.0,1.35,Auto,135327.0,893,0.42,1,178,74,Branch,64,75218.0,4,Stable,Mixed,2,Digital Seniors,Gold,Low Risk,Digital Native,Highly Active,Retired,Good,Low Cross-sell,Relationship Banking,Lower Income
CUST1157,49,Male,61975,Retired,Hyderabad,5,Savings,16,477840.0,1.05,Personal,407700.0,526,0.64,2,51,47,ATM,106,66344.0,1,Stable,Mixed,3,Retirement Planners,Gold,Medium Risk,Digital Adopter,At Risk,Pre-Retirement,Poor,Medium Cross-sell,Self Service,Middle Income
CUST1158,56,Male,29540,Retired,Hyderabad,4,Overdraft,13,106228.0,1.16,Personal,125703.0,735,0.79,2,19,31,Mobile,146,34840.0,3,Irregular,E-commerce,3,Retirement Planners,Silver,Medium Risk,Traditional,At Risk,Pre-Retirement,Fair,Low Cross-sell,Digital First,Lower Income
CUST1159,66,Male,36364,Salaried,Mumbai,5,Current,2,427346.0,1.47,Auto,318693.0,721,0.12,4,109,56,Branch,136,33430.0,2,Stable,Travel,2,Digital Seniors,Silver,High Risk,Digital Adopter,At Risk,Retired,Good,Medium Cross-sell,Relationship Banking,Lower Income
CUST1160,69,Female,155683,Student,Hyderabad,4,Savings,11,183828.0,0.53,Auto,165575.0,853,0.41,0,151,99,Web,161,24091.0,1,Irregular,Utilities,2,Digital Seniors,Bronze,Low Risk,Digital Native,At Risk,Retired,Excellent,Medium Cross-sell,Digital First,Upper Middle
CUST1161,49,Female,47663,Salaried,Mumbai,5,FD,12,360768.0,1.99,Home,335938.0,320,0.84,2,30,32,ATM,99,33983.0,0,Stable,E-commerce,3,Retirement Planners,Silver,High Risk,Traditional,At Risk,Pre-Retirement,Poor,High Cross-sell,Self Service,Lower Income
CUST1162,21,Female,71991,Student,Chennai,5,Savings,1,158364.0,1.95,Personal,499499.0,853,0.38,0,56,23,ATM,337,24989.0,0,Irregular,Travel,4,Growth Seekers,Bronze,Low Risk,Traditional,Dormant,Young Professional,Excellent,High Cross-sell,Self Service,Middle Income
CUST1163,47,Female,124182,Salaried,Delhi,5,FD,2,374929.0,1.34,None,0.0,696,0.57,3,97,38,ATM,306,76451.0,4,Stable,Mixed,4,Growth Seekers,Gold,Medium Risk,Traditional,Dormant,Pre-Retirement,Fair,Low Cross-sell,Self Service,Upper Middle
CUST1164,54,Female,182049,Student,Delhi,4,FD,4,349350.0,0.48,Auto,307257.0,404,0.59,0,154,33,ATM,140,19990.0,3,Irregular,Travel,1,Standard Savers,Bronze,Low Risk,Traditional,At Risk,Pre-Retirement,Good,Low Cross-sell,Self Service,Upper Middle
CUST1165,40,Female,114704,Salaried,Mumbai,4,Savings,10,70274.0,1.39,Auto,498946.0,491,0.18,3,25,55,Web,82,91270.0,4,Stable,Travel,1,Standard Savers,Gold,Medium Risk,Digital Adopter,Active,Established Professional,Fair,Low Cross-sell,Digital First,Upper Middle
CUST1166,56,Male,69115,Retired,Delhi,5,Overdraft,7,134541.0,0.24,Sme,74069.0,316,0.36,1,55,27,Mobile,176,81360.0,4,Stable,Travel,1,Standard Savers,Gold,Low Risk,Traditional,At Risk,Pre-Retirement,Fair,Low Cross-sell,Digital First,Middle Income
CUST1167,62,Female,111007,Self-Employed,Hyderabad,2,FD,11,54947.0,0.16,None,0.0,419,0.33,1,42,36,ATM,197,37081.0,4,Stable,Utilities,1,Standard Savers,Silver,Low Risk,Traditional,Dormant,Retired,Fair,Low Cross-sell,Self Service,Upper Middle
CUST1168,32,Male,169143,Salaried,Bangalore,3,Overdraft,6,154606.0,0.59,None,0.0,692,0.03,4,24,6,Branch,111,12033.0,0,Irregular,Travel,1,Standard Savers,Bronze,High Risk,Traditional,At Risk,Established Professional,Good,High Cross-sell,Relationship Banking,Upper Middle
CUST1169,60,Male,31938,Student,Mumbai,3,Current,14,195692.0,0.98,Auto,251051.0,724,0.02,2,161,67,Mobile,55,17241.0,0,Stable,Utilities,2,Digital Seniors,Bronze,Medium Risk,Digital Adopter,Highly Active,Retired,Good,High Cross-sell,Digital First,Lower Income
CUST1170,46,Female,186267,Retired,Delhi,3,FD,16,49874.0,1.75,Home,412417.0,428,0.83,4,183,36,ATM,178,6939.0,4,Irregular,Mixed,3,Retirement Planners,Bronze,High Risk,Traditional,At Risk,Pre-Retirement,Poor,Low Cross-sell,Self Service,Upper Middle
CUST1171,53,Male,111680,Salaried,Mumbai,4,Overdraft,3,50708.0,1.48,Sme,125541.0,429,0.27,3,136,55,Mobile,185,48562.0,0,Stable,Utilities,4,Growth Seekers,Silver,Medium Risk,Digital Adopter,Dormant,Pre-Retirement,Fair,High Cross-sell,Digital First,Upper Middle
CUST1172,30,Female,24000,Salaried,Mumbai,4,Overdraft,12,75553.0,1.51,None,0.0,871,0.52,4,59,64,Branch,217,36063.0,3,Irregular,Mixed,0,Premium Loyalists,Silver,High Risk,Digital Adopter,Dormant,Established Professional,Good,Low Cross-sell,Relationship Banking,Lower Income
CUST1173,49,Male,121042,Retired,Bangalore,2,Current,17,69344.0,0.91,Auto,256353.0,859,0.3,0,96,64,ATM,315,77721.0,4,Irregular,Mixed,0,Premium Loyalists,Gold,Low Risk,Digital Adopter,Dormant,Pre-Retirement,Excellent,Low Cross-sell,Self Service,Upper Middle
CUST1174,24,Female,113610,Salaried,Hyderabad,3,Overdraft,0,312282.0,0.76,None,0.0,328,0.94,3,32,46,Branch,216,28045.0,0,Irregular,Utilities,1,Standard Savers,Silver,High Risk,Digital Adopter,Dormant,Young Professional,Poor,High Cross-sell,Relationship Banking,Upper Middle
CUST1175,68,Male,123691,Self-Employed,Mumbai,3,Overdraft,15,186374.0,0.8,Sme,315507.0,396,0.26,1,8,19,Web,119,45769.0,1,Stable,E-commerce,1,Standard Savers,Silver,Low Risk,Traditional,At Risk,Retired,Good,Medium Cross-sell,Digital First,Upper Middle
CUST1176,39,Female,58304,Salaried,Delhi,5,Current,12,48638.0,1.98,Sme,359687.0,309,0.43,2,154,18,ATM,174,48118.0,4,Stable,Luxury,4,Growth Seekers,Silver,Medium Risk,Traditional,At Risk,Established Professional,Fair,Low Cross-sell,Self Service,Middle Income
CUST1177,45,Female,89449,Self-Employed,Chennai,4,FD,9,79249.0,0.18,Personal,131733.0,541,0.87,3,80,28,ATM,22,85703.0,4,Irregular,Travel,3,Retirement Planners,Gold,High Risk,Traditional,Active,Pre-Retirement,Poor,Low Cross-sell,Self Service,Middle Income
CUST1178,19,Female,102986,Self-Employed,Mumbai,3,Overdraft,11,369009.0,1.75,Auto,175915.0,531,0.84,3,177,73,ATM,212,22625.0,3,Stable,Luxury,3,Retirement Planners,Bronze,High Risk,Digital Native,Dormant,Young Professional,Poor,Low Cross-sell,Self Service,Upper Middle
CUST1179,59,Female,171836,Retired,Mumbai,2,Overdraft,1,3719.0,1.2,Sme,95673.0,583,0.19,0,71,59,ATM,234,28076.0,2,Stable,Travel,4,Growth Seekers,Silver,Low Risk,Digital Adopter,Dormant,Pre-Retirement,Good,Medium Cross-sell,Self Service,Upper Middle
CUST1180,62,Female,128940,Salaried,Bangalore,2,Overdraft,2,154962.0,0.93,Personal,454179.0,499,0.8,2,90,17,Web,12,65805.0,2,Stable,Travel,3,Retirement Planners,Gold,Medium Risk,Traditional,Active,Retired,Poor,Medium Cross-sell,Digital First,Upper Middle
CUST1181,23,Male,58494,Retired,Hyderabad,3,Savings,9,471452.0,1.48,Personal,42828.0,378,0.46,1,198,91,ATM,100,45605.0,3,Irregular,Mixed,2,Digital Seniors,Silver,Low Risk,Digital Native,At Risk,Young Professional,Fair,Low Cross-sell,Self Service,Middle Income
CUST1182,45,Male,23373,Salaried,Chennai,4,Current,1,430725.0,1.02,None,0.0,472,0.48,3,166,34,Mobile,23,85565.0,3,Stable,Travel,1,Standard Savers,Gold,Medium Risk,Traditional,Highly Active,Pre-Retirement,Fair,Low Cross-sell,Digital First,Lower Income
CUST1183,45,Male,163233,Salaried,Delhi,2,Savings,12,43534.0,1.76,None,0.0,766,0.13,3,95,42,ATM,363,89509.0,3,Stable,Travel,0,Premium Loyalists,Gold,Medium Risk,Digital Adopter,Dormant,Pre-Retirement,Good,Low Cross-sell,Self Service,Upper Middle
CUST1184,61,Female,117532,Student,Chennai,5,Current,12,496518.0,1.81,Personal,331054.0,880,0.08,0,187,94,Web,10,40121.0,2,Irregular,Utilities,2,Digital Seniors,Silver,Low Risk,Digital Native,Highly Active,Retired,Excellent,Medium Cross-sell,Digital First,Upper Middle
CUST1185,61,Male,112658,Salaried,Delhi,2,FD,17,93241.0,0.9,None,0.0,715,0.73,4,109,90,ATM,272,66101.0,3,Stable,Luxury,0,Premium Loyalists,Gold,High Risk,Digital Native,Dormant,Retired,Fair,Low Cross-sell,Self Service,Upper Middle
CUST1186,37,Female,143633,Retired,Hyderabad,1,FD,2,413003.0,0.63,Sme,291126.0,748,0.5,1,5,10,Mobile,280,32433.0,0,Irregular,Utilities,4,Growth Seekers,Silver,Low Risk,Traditional,Dormant,Established Professional,Good,High Cross-sell,Digital First,Upper Middle
CUST1187,47,Female,120386,Self-Employed,Delhi,1,Overdraft,6,127209.0,1.23,Home,262351.0,386,0.44,2,76,48,Web,93,44309.0,4,Stable,Travel,1,Standard Savers,Silver,Medium Risk,Digital Adopter,At Risk,Pre-Retirement,Fair,Low Cross-sell,Digital First,Upper Middle
CUST1188,28,Male,47350,Salaried,Bangalore,4,Current,13,443061.0,1.83,Sme,232041.0,400,0.73,3,91,37,Web,200,68468.0,4,Stable,Mixed,3,Retirement Planners,Gold,Medium Risk,Traditional,Dormant,Young Professional,Poor,Low Cross-sell,Digital First,Lower Income
CUST1189,45,Male,113008,Student,Bangalore,3,FD,19,190004.0,0.5,Personal,350877.0,307,0.77,3,170,63,Mobile,20,45254.0,1,Stable,Utilities,3,Retirement Planners,Silver,Medium Risk,Digital Adopter,Highly Active,Pre-Retirement,Poor,Medium Cross-sell,Digital First,Upper Middle
CUST1190,42,Female,114297,Retired,Bangalore,4,Current,16,93124.0,1.28,Personal,230008.0,499,0.16,1,10,68,Mobile,339,68293.0,1,Stable,Utilities,4,Growth Seekers,Gold,Low Risk,Digital Adopter,Dormant,Established Professional,Good,Medium Cross-sell,Digital First,Upper Middle
CUST1191,56,Male,45351,Salaried,Bangalore,4,FD,11,92659.0,1.3,Sme,124982.0,804,0.61,4,157,7,Mobile,210,97258.0,4,Irregular,E-commerce,0,Premium Loyalists,Gold,High Risk,Traditional,Dormant,Pre-Retirement,Fair,Low Cross-sell,Digital First,Lower Income
CUST1192,50,Female,108668,Retired,Chennai,4,Savings,15,165134.0,1.49,None,0.0,386,0.14,3,149,33,Mobile,139,38853.0,0,Stable,Travel,1,Standard Savers,Silver,Medium Risk,Traditional,At Risk,Pre-Retirement,Fair,High Cross-sell,Digital First,Upper Middle
CUST1193,18,Female,134585,Student,Hyderabad,4,FD,11,76713.0,0.35,None,0.0,342,0.75,1,65,47,Mobile,292,39405.0,2,Stable,Mixed,4,Growth Seekers,Silver,Medium Risk,Digital Adopter,Dormant,Young Professional,Fair,Medium Cross-sell,Digital First,Upper Middle
CUST1194,44,Female,166377,Student,Delhi,5,Savings,14,219335.0,1.46,Personal,160400.0,684,0.66,0,16,55,Web,297,67652.0,2,Stable,Utilities,0,Premium Loyalists,Gold,Medium Risk,Digital Adopter,Dormant,Established Professional,Good,Medium Cross-sell,Digital First,Upper Middle
CUST1195,69,Female,95353,Retired,Delhi,5,FD,9,489972.0,1.83,Auto,308623.0,734,0.96,4,10,75,Web,100,44527.0,0,Stable,Utilities,3,Retirement Planners,Silver,High Risk,Digital Native,At Risk,Retired,Fair,High Cross-sell,Digital First,Middle Income
CUST1196,30,Female,85953,Salaried,Bangalore,2,Overdraft,6,454677.0,0.44,None,0.0,707,0.07,2,31,64,ATM,303,78227.0,2,Stable,Mixed,4,Growth Seekers,Gold,Medium Risk,Digital Adopter,Dormant,Established Professional,Good,Medium Cross-sell,Self Service,Middle Income
CUST1197,58,Male,77458,Self-Employed,Bangalore,1,Savings,19,76418.0,0.55,Sme,170963.0,782,0.06,3,140,30,ATM,358,1492.0,3,Stable,Travel,0,Premium Loyalists,Bronze,Medium Risk,Traditional,Dormant,Pre-Retirement,Good,Low Cross-sell,Self Service,Middle Income
CUST1198,20,Male,40358,Student,Mumbai,4,FD,4,460888.0,1.95,None,0.0,316,0.28,1,128,3,Branch,27,94418.0,4,Stable,E-commerce,1,Standard Savers,Gold,Low Risk,Traditional,Highly Active,Young Professional,Good,Low Cross-sell,Relationship Banking,Lower Income
CUST1199,56,Female,23267,Salaried,Hyderabad,2,Overdraft,0,129232.0,0.44,Sme,231055.0,447,0.26,0,110,49,ATM,40,9811.0,4,Irregular,Utilities,1,Standard Savers,Bronze,Low Risk,Digital Adopter,Highly Active,Pre-Retirement,Good,Low Cross-sell,Self Service,Lower Income
